strategy,seed,forward_passes,precision,recall,f1,faithfulness,circuit_size,status,unavailable_reason,discovery_forward_passes,evaluation_forward_passes,dataset_size,circuit,source_path
exhaustive,0,,,,,,,unavailable,A:\Coding\2026 - Projects\SapientLabs\results\exhaustive_ioi_seed0_n100_raw.csv,,,100,,
circuitlab,0,,,,,,,unavailable,No circuitlab trace record for seed 0.,,,100,,
acdc,0,,,,,,,unavailable,No acdc trace record for seed 0.,,,100,,
exhaustive,1,,,,,,,unavailable,A:\Coding\2026 - Projects\SapientLabs\results\exhaustive_ioi_seed1_n100_raw.csv,,,100,,
circuitlab,1,,,,,,,unavailable,No circuitlab trace record for seed 1.,,,100,,
acdc,1,,,,,,,unavailable,No acdc trace record for seed 1.,,,100,,
exhaustive,2,,,,,,,unavailable,A:\Coding\2026 - Projects\SapientLabs\results\exhaustive_ioi_seed2_n100_raw.csv,,,100,,
circuitlab,2,,,,,,,unavailable,No circuitlab trace record for seed 2.,,,100,,
acdc,2,,,,,,,unavailable,No acdc trace record for seed 2.,,,100,,
exhaustive,3,,,,,,,unavailable,A:\Coding\2026 - Projects\SapientLabs\results\exhaustive_ioi_seed3_n100_raw.csv,,,100,,
circuitlab,3,,,,,,,unavailable,No circuitlab trace record for seed 3.,,,100,,
acdc,3,,,,,,,unavailable,No acdc trace record for seed 3.,,,100,,
exhaustive,4,,,,,,,unavailable,A:\Coding\2026 - Projects\SapientLabs\results\exhaustive_ioi_seed4_n100_raw.csv,,,100,,
circuitlab,4,,,,,,,unavailable,No circuitlab trace record for seed 4.,,,100,,
acdc,4,,,,,,,unavailable,No acdc trace record for seed 4.,,,100,,
