component,layer,head,position,clean_logit_diff,corrupted_logit_diff,patched_logit_diff,recovery,effect,passes_used,cumulative_forward_passes,task,n,seed
L0H0,0,0,final,2.763347864151001,-3.560084581375122,-3.5599069595336914,2.808946611841056e-05,0.00017762184143066406,6,6,ioi,100,42
L0H1,0,1,final,2.763347864151001,-3.560084581375122,-3.5600838661193848,1.1311194410098213e-07,7.152557373046875e-07,8,8,ioi,100,42
L0H2,0,2,final,2.763347864151001,-3.560084581375122,-3.5598294734954834,4.0343260062683624e-05,0.0002551078796386719,10,10,ioi,100,42
L0H3,0,3,final,2.763347864151001,-3.560084581375122,-3.5600855350494385,-1.5081592546797616e-07,-9.5367431640625e-07,12,12,ioi,100,42
L0H4,0,4,final,2.763347864151001,-3.560084581375122,-3.560073137283325,1.809791105615714e-06,1.1444091796875e-05,14,14,ioi,100,42
L0H5,0,5,final,2.763347864151001,-3.560084581375122,-3.5599420070648193,2.2546980857462435e-05,0.00014257431030273438,16,16,ioi,100,42
L0H6,0,6,final,2.763347864151001,-3.560084581375122,-3.55918550491333,0.00014218171373493453,0.0008990764617919922,18,18,ioi,100,42
L0H7,0,7,final,2.763347864151001,-3.560084581375122,-3.5600500106811523,5.467077298214136e-06,3.457069396972656e-05,20,20,ioi,100,42
L0H8,0,8,final,2.763347864151001,-3.560084581375122,-3.560058355331421,4.147437950369345e-06,2.6226043701171875e-05,22,22,ioi,100,42
L0H9,0,9,final,2.763347864151001,-3.560084581375122,-3.560166835784912,-1.3007873571612943e-05,-8.225440979003906e-05,24,24,ioi,100,42
L0H10,0,10,final,2.763347864151001,-3.560084581375122,-3.559746503829956,5.346424557839755e-05,0.0003380775451660156,26,26,ioi,100,42
L0H11,0,11,final,2.763347864151001,-3.560084581375122,-3.560131788253784,-7.46538831066482e-06,-4.7206878662109375e-05,28,28,ioi,100,42
L1H0,1,0,final,2.763347864151001,-3.560084581375122,-3.5601611137390137,-1.2102978018805088e-05,-7.653236389160156e-05,30,30,ioi,100,42
L1H1,1,1,final,2.763347864151001,-3.560084581375122,-3.559763193130493,5.0824966882707965e-05,0.00032138824462890625,32,32,ioi,100,42
L1H2,1,2,final,2.763347864151001,-3.560084581375122,-3.5601606369018555,-1.2027570056071099e-05,-7.605552673339844e-05,34,34,ioi,100,42
L1H3,1,3,final,2.763347864151001,-3.560084581375122,-3.5601706504821777,-1.3611137273484848e-05,-8.606910705566406e-05,36,36,ioi,100,42
L1H4,1,4,final,2.763347864151001,-3.560084581375122,-3.560121774673462,-5.88182109325107e-06,-3.719329833984375e-05,38,38,ioi,100,42
L1H5,1,5,final,2.763347864151001,-3.560084581375122,-3.5600953102111816,-1.6966791615147319e-06,-1.0728836059570312e-05,40,40,ioi,100,42
L1H6,1,6,final,2.763347864151001,-3.560084581375122,-3.5592129230499268,0.00013784575587773022,0.0008716583251953125,42,42,ioi,100,42
L1H7,1,7,final,2.763347864151001,-3.560084581375122,-3.5560131072998047,0.0006438708898041573,0.004071474075317383,44,44,ioi,100,42
L1H8,1,8,final,2.763347864151001,-3.560084581375122,-3.5603079795837402,-3.532863054087342e-05,-0.00022339820861816406,46,46,ioi,100,42
L1H9,1,9,final,2.763347864151001,-3.560084581375122,-3.560319423675537,-3.713842164648913e-05,-0.00023484230041503906,48,48,ioi,100,42
L1H10,1,10,final,2.763347864151001,-3.560084581375122,-3.560584783554077,-7.91029529079535e-05,-0.0005002021789550781,50,50,ioi,100,42
L1H11,1,11,final,2.763347864151001,-3.560084581375122,-3.560760736465454,-0.0001069284911567951,-0.0006761550903320312,52,52,ioi,100,42
L2H0,2,0,final,2.763347864151001,-3.560084581375122,-3.5598537921905518,3.649745396325023e-05,0.0002307891845703125,54,54,ioi,100,42
L2H1,2,1,final,2.763347864151001,-3.560084581375122,-3.554745674133301,0.0008443052547510976,0.005338907241821289,56,56,ioi,100,42
L2H2,2,2,final,2.763347864151001,-3.560084581375122,-3.5601651668548584,-1.2743945702043985e-05,-8.058547973632812e-05,58,58,ioi,100,42
L2H3,2,3,final,2.763347864151001,-3.560084581375122,-3.5597915649414062,4.633819310003567e-05,0.0002930164337158203,60,60,ioi,100,42
L2H4,2,4,final,2.763347864151001,-3.560084581375122,-3.5597422122955322,5.414291724300344e-05,0.00034236907958984375,62,62,ioi,100,42
L2H5,2,5,final,2.763347864151001,-3.560084581375122,-3.5601394176483154,-8.67191571440863e-06,-5.4836273193359375e-05,64,64,ioi,100,42
L2H6,2,6,final,2.763347864151001,-3.560084581375122,-3.560697555541992,-9.693693609454168e-05,-0.0006129741668701172,66,66,ioi,100,42
L2H7,2,7,final,2.763347864151001,-3.560084581375122,-3.5610997676849365,-0.00016054355266066061,-0.0010151863098144531,68,68,ioi,100,42
L2H8,2,8,final,2.763347864151001,-3.560084581375122,-3.559856653213501,3.60450061868463e-05,0.00022792816162109375,70,70,ioi,100,42
L2H9,2,9,final,2.763347864151001,-3.560084581375122,-3.5605413913726807,-7.224082829916058e-05,-0.00045680999755859375,72,72,ioi,100,42
L2H10,2,10,final,2.763347864151001,-3.560084581375122,-3.560279130935669,-3.0766448795467135e-05,-0.000194549560546875,74,74,ioi,100,42
L2H11,2,11,final,2.763347864151001,-3.560084581375122,-3.560234785079956,-2.3753508261206246e-05,-0.00015020370483398438,76,76,ioi,100,42
L3H0,3,0,final,2.763347864151001,-3.560084581375122,-3.5600531101226807,4.976925540443213e-06,3.147125244140625e-05,78,78,ioi,100,42
L3H1,3,1,final,2.763347864151001,-3.560084581375122,-3.559431791305542,0.00010323350098282968,0.0006527900695800781,80,80,ioi,100,42
L3H2,3,2,final,2.763347864151001,-3.560084581375122,-3.559452772140503,9.99155506225342e-05,0.0006318092346191406,82,82,ioi,100,42
L3H3,3,3,final,2.763347864151001,-3.560084581375122,-3.5601181983947754,-5.31626137274616e-06,-3.361701965332031e-05,84,84,ioi,100,42
L3H4,3,4,final,2.763347864151001,-3.560084581375122,-3.5601589679718018,-1.176364218650214e-05,-7.43865966796875e-05,86,86,ioi,100,42
L3H5,3,5,final,2.763347864151001,-3.560084581375122,-3.55960750579834,7.544566671535508e-05,0.00047707557678222656,88,88,ioi,100,42
L3H6,3,6,final,2.763347864151001,-3.560084581375122,-3.560230016708374,-2.2999428633866364e-05,-0.00014543533325195312,90,90,ioi,100,42
L3H7,3,7,final,2.763347864151001,-3.560084581375122,-3.560404062271118,-5.0523335031772016e-05,-0.00031948089599609375,92,92,ioi,100,42
L3H8,3,8,final,2.763347864151001,-3.560084581375122,-3.5598249435424805,4.105963570865651e-05,0.00025963783264160156,94,94,ioi,100,42
L3H9,3,9,final,2.763347864151001,-3.560084581375122,-3.5606677532196045,-9.222393842366743e-05,-0.0005831718444824219,96,96,ioi,100,42
L3H10,3,10,final,2.763347864151001,-3.560084581375122,-3.5606112480163574,-8.328809483968983e-05,-0.0005266666412353516,98,98,ioi,100,42
L3H11,3,11,final,2.763347864151001,-3.560084581375122,-3.559985637664795,1.5647152267302528e-05,9.894371032714844e-05,100,100,ioi,100,42
L4H0,4,0,final,2.763347864151001,-3.560084581375122,-3.5592782497406006,0.00012751486498317383,0.0008063316345214844,102,102,ioi,100,42
L4H1,4,1,final,2.763347864151001,-3.560084581375122,-3.5605852603912354,-7.917836087068748e-05,-0.0005006790161132812,104,104,ioi,100,42
L4H2,4,2,final,2.763347864151001,-3.560084581375122,-3.5588977336883545,0.00018769041924489633,0.0011868476867675781,106,106,ioi,100,42
L4H3,4,3,final,2.763347864151001,-3.560084581375122,-3.5621466636657715,-0.00032610173484313147,-0.002062082290649414,108,108,ioi,100,42
L4H4,4,4,final,2.763347864151001,-3.560084581375122,-3.5617737770080566,-0.00026713270798515277,-0.0016891956329345703,110,110,ioi,100,42
L4H5,4,5,final,2.763347864151001,-3.560084581375122,-3.560408592224121,-5.12397106777449e-05,-0.00032401084899902344,112,112,ioi,100,42
L4H6,4,6,final,2.763347864151001,-3.560084581375122,-3.5597732067108154,4.924139966529422e-05,0.0003113746643066406,114,114,ioi,100,42
L4H7,4,7,final,2.763347864151001,-3.560084581375122,-3.559443950653076,0.00010131059793311299,0.0006406307220458984,116,116,ioi,100,42
L4H8,4,8,final,2.763347864151001,-3.560084581375122,-3.559303045272827,0.00012359365092100646,0.0007815361022949219,118,118,ioi,100,42
L4H9,4,9,final,2.763347864151001,-3.560084581375122,-3.559575080871582,8.057340818126627e-05,0.0005095005035400391,120,120,ioi,100,42
L4H10,4,10,final,2.763347864151001,-3.560084581375122,-3.5603270530700684,-3.834494905023294e-05,-0.00024247169494628906,122,122,ioi,100,42
L4H11,4,11,final,2.763347864151001,-3.560084581375122,-3.560427188873291,-5.4180621224370434e-05,-0.0003426074981689453,124,124,ioi,100,42
L5H0,5,0,final,2.763347864151001,-3.560084581375122,-3.560182571411133,-1.549633634183455e-05,-9.799003601074219e-05,126,126,ioi,100,42
L5H1,5,1,final,2.763347864151001,-3.560084581375122,-3.5600669384002686,2.790094621157559e-06,1.7642974853515625e-05,128,128,ioi,100,42
L5H2,5,2,final,2.763347864151001,-3.560084581375122,-3.5601630210876465,-1.240460986974104e-05,-7.843971252441406e-05,130,130,ioi,100,42
L5H3,5,3,final,2.763347864151001,-3.560084581375122,-3.560495615005493,-6.500166387669773e-05,-0.00041103363037109375,132,132,ioi,100,42
L5H4,5,4,final,2.763347864151001,-3.560084581375122,-3.559394598007202,0.00010911532207608076,0.0006899833679199219,134,134,ioi,100,42
L5H5,5,5,final,2.763347864151001,-3.560084581375122,-3.559643030166626,6.982777349167297e-05,0.00044155120849609375,136,136,ioi,100,42
L5H6,5,6,final,2.763347864151001,-3.560084581375122,-3.5599732398986816,1.7607759298386216e-05,0.00011134147644042969,138,138,ioi,100,42
L5H7,5,7,final,2.763347864151001,-3.560084581375122,-3.558936357498169,0.0001815823742634433,0.001148223876953125,140,140,ioi,100,42
L5H8,5,8,final,2.763347864151001,-3.560084581375122,-3.559441566467285,0.00010168763774678293,0.0006430149078369141,142,142,ioi,100,42
L5H9,5,9,final,2.763347864151001,-3.560084581375122,-3.5612213611602783,-0.00017977258315782758,-0.00113677978515625,144,144,ioi,100,42
L5H10,5,10,final,2.763347864151001,-3.560084581375122,-3.5550544261932373,0.0007954785988808403,0.005030155181884766,146,146,ioi,100,42
L5H11,5,11,final,2.763347864151001,-3.560084581375122,-3.5616519451141357,-0.0002478659735066188,-0.0015673637390136719,148,148,ioi,100,42
L6H0,6,0,final,2.763347864151001,-3.560084581375122,-3.5621230602264404,-0.000322369040687799,-0.0020384788513183594,150,150,ioi,100,42
L6H1,6,1,final,2.763347864151001,-3.560084581375122,-3.5604381561279297,-5.591500436725216e-05,-0.0003535747528076172,152,152,ioi,100,42
L6H2,6,2,final,2.763347864151001,-3.560084581375122,-3.5597236156463623,5.708382778962898e-05,0.0003609657287597656,154,154,ioi,100,42
L6H3,6,3,final,2.763347864151001,-3.560084581375122,-3.560157060623169,-1.1462010335566189e-05,-7.2479248046875e-05,156,156,ioi,100,42
L6H4,6,4,final,2.763347864151001,-3.560084581375122,-3.543201208114624,0.002669969736522316,0.016883373260498047,158,158,ioi,100,42
L6H5,6,5,final,2.763347864151001,-3.560084581375122,-3.559807062149048,4.388743431118106e-05,0.00027751922607421875,160,160,ioi,100,42
L6H6,6,6,final,2.763347864151001,-3.560084581375122,-3.5623278617858887,-0.00035475676068204694,-0.0022432804107666016,162,162,ioi,100,42
L6H7,6,7,final,2.763347864151001,-3.560084581375122,-3.5595695972442627,8.144059975270713e-05,0.000514984130859375,164,164,ioi,100,42
L6H8,6,8,final,2.763347864151001,-3.560084581375122,-3.559948444366455,2.1528973360553597e-05,0.0001361370086669922,166,166,ioi,100,42
L6H9,6,9,final,2.763347864151001,-3.560084581375122,-3.5573244094848633,0.00043649899228569,0.002760171890258789,168,168,ioi,100,42
L6H10,6,10,final,2.763347864151001,-3.560084581375122,-3.56027889251709,-3.072874481410014e-05,-0.00019431114196777344,170,170,ioi,100,42
L6H11,6,11,final,2.763347864151001,-3.560084581375122,-3.5609540939331055,-0.00013750642004542725,-0.0008695125579833984,172,172,ioi,100,42
L7H0,7,0,final,2.763347864151001,-3.560084581375122,-3.5600621700286865,3.5441742484974396e-06,2.2411346435546875e-05,174,174,ioi,100,42
L7H1,7,1,final,2.763347864151001,-3.560084581375122,-3.556166172027588,0.0006196649337665471,0.00391840934753418,176,176,ioi,100,42
L7H2,7,2,final,2.763347864151001,-3.560084581375122,-3.5587966442108154,0.0002036769073445018,0.0012879371643066406,178,178,ioi,100,42
L7H3,7,3,final,2.763347864151001,-3.560084581375122,-3.535499334335327,0.0038879591506016916,0.024585247039794922,180,180,ioi,100,42
L7H4,7,4,final,2.763347864151001,-3.560084581375122,-3.5590364933013916,0.0001657467020893058,0.0010480880737304688,182,182,ioi,100,42
L7H5,7,5,final,2.763347864151001,-3.560084581375122,-3.5543947219848633,0.0008998055153233128,0.005689859390258789,184,184,ioi,100,42
L7H6,7,6,final,2.763347864151001,-3.560084581375122,-3.565417528152466,-0.0008433626552169227,-0.00533294677734375,186,186,ioi,100,42
L7H7,7,7,final,2.763347864151001,-3.560084581375122,-3.5596399307250977,7.031792524944389e-05,0.00044465065002441406,188,188,ioi,100,42
L7H8,7,8,final,2.763347864151001,-3.560084581375122,-3.5619916915893555,-0.00030159414695458535,-0.0019071102142333984,190,190,ioi,100,42
L7H9,7,9,final,2.763347864151001,-3.560084581375122,-3.550891637802124,0.0014537901135485561,0.009192943572998047,192,192,ioi,100,42
L7H10,7,10,final,2.763347864151001,-3.560084581375122,-3.55570125579834,0.0006931876974321854,0.0043833255767822266,194,194,ioi,100,42
L7H11,7,11,final,2.763347864151001,-3.560084581375122,-3.559323787689209,0.00012031340454207798,0.0007607936859130859,196,196,ioi,100,42
L8H0,8,0,final,2.763347864151001,-3.560084581375122,-3.56065034866333,-8.947154778387686e-05,-0.0005657672882080078,198,198,ioi,100,42
L8H1,8,1,final,2.763347864151001,-3.560084581375122,-3.559077501296997,0.00015926161729418282,0.001007080078125,200,200,ioi,100,42
L8H2,8,2,final,2.763347864151001,-3.560084581375122,-3.5179500579833984,0.0066632361070820215,0.04213452339172363,202,202,ioi,100,42
L8H3,8,3,final,2.763347864151001,-3.560084581375122,-3.393064498901367,0.026412883178964435,0.16702008247375488,204,204,ioi,100,42
L8H4,8,4,final,2.763347864151001,-3.560084581375122,-3.558779239654541,0.00020642929798429238,0.0013053417205810547,206,206,ioi,100,42
L8H5,8,5,final,2.763347864151001,-3.560084581375122,-3.562279462814331,-0.00034710285246454715,-0.0021948814392089844,208,208,ioi,100,42
L8H6,8,6,final,2.763347864151001,-3.560084581375122,-3.5456960201263428,0.00227543527549809,0.014388561248779297,210,210,ioi,100,42
L8H7,8,7,final,2.763347864151001,-3.560084581375122,-3.55900502204895,0.00017072362762974902,0.001079559326171875,212,212,ioi,100,42
L8H8,8,8,final,2.763347864151001,-3.560084581375122,-3.543285846710205,0.002656584823137033,0.016798734664916992,214,214,ioi,100,42
L8H9,8,9,final,2.763347864151001,-3.560084581375122,-3.564532518386841,-0.0007034054763826408,-0.00444793701171875,216,216,ioi,100,42
L8H10,8,10,final,2.763347864151001,-3.560084581375122,-3.6137454509735107,-0.008486035086269349,-0.05366086959838867,218,218,ioi,100,42
L8H11,8,11,final,2.763347864151001,-3.560084581375122,-3.4898641109466553,0.011104802816095287,0.0702204704284668,220,220,ioi,100,42
L9H0,9,0,final,2.763347864151001,-3.560084581375122,-3.466219902038574,0.014843944352241453,0.09386467933654785,222,222,ioi,100,42
L9H1,9,1,final,2.763347864151001,-3.560084581375122,-3.5605170726776123,-6.839502219972719e-05,-0.0004324913024902344,224,224,ioi,100,42
L9H2,9,2,final,2.763347864151001,-3.560084581375122,-3.4848437309265137,0.01189873555174008,0.0752408504486084,226,226,ioi,100,42
L9H3,9,3,final,2.763347864151001,-3.560084581375122,-3.550288677215576,0.001549143482425684,0.009795904159545898,228,228,ioi,100,42
L9H4,9,4,final,2.763347864151001,-3.560084581375122,-3.505905866622925,0.008567928133798459,0.054178714752197266,230,230,ioi,100,42
L9H5,9,5,final,2.763347864151001,-3.560084581375122,-3.6015732288360596,-0.006561096021558835,-0.0414886474609375,232,232,ioi,100,42
L9H6,9,6,final,2.763347864151001,-3.560084581375122,-2.3036601543426514,0.19869342131130074,1.2564244270324707,234,234,ioi,100,42
L9H7,9,7,final,2.763347864151001,-3.560084581375122,-3.5634000301361084,-0.0005243115648894192,-0.003315448760986328,236,236,ioi,100,42
L9H8,9,8,final,2.763347864151001,-3.560084581375122,-3.3233072757720947,0.03744442715926365,0.23677730560302734,238,238,ioi,100,42
L9H9,9,9,final,2.763347864151001,-3.560084581375122,-0.6430616974830627,0.4613037158253941,2.9170228838920593,240,240,ioi,100,42
L9H10,9,10,final,2.763347864151001,-3.560084581375122,-3.5592761039733887,0.0001278542008154768,0.0008084774017333984,242,242,ioi,100,42
L9H11,9,11,final,2.763347864151001,-3.560084581375122,-3.5325822830200195,0.004349267362626864,0.02750229835510254,244,244,ioi,100,42
L10H0,10,0,final,2.763347864151001,-3.560084581375122,-2.265045404434204,0.2048000335414618,1.295039176940918,246,246,ioi,100,42
L10H1,10,1,final,2.763347864151001,-3.560084581375122,-3.2746083736419678,0.04514576698532312,0.2854762077331543,248,248,ioi,100,42
L10H2,10,2,final,2.763347864151001,-3.560084581375122,-3.1334173679351807,0.06747398934289425,0.4266672134399414,250,250,ioi,100,42
L10H3,10,3,final,2.763347864151001,-3.560084581375122,-3.4484055042266846,0.01766114813600188,0.1116790771484375,252,252,ioi,100,42
L10H4,10,4,final,2.763347864151001,-3.560084581375122,-3.5452771186828613,0.002341681170759899,0.014807462692260742,254,254,ioi,100,42
L10H5,10,5,final,2.763347864151001,-3.560084581375122,-3.5579922199249268,0.0003308901404767397,0.0020923614501953125,256,256,ioi,100,42
L10H6,10,6,final,2.763347864151001,-3.560084581375122,-2.791733980178833,0.12150846993548622,0.7683506011962891,258,258,ioi,100,42
L10H7,10,7,final,2.763347864151001,-3.560084581375122,-5.3924455642700195,-0.289773157012424,-1.8323609828948975,260,260,ioi,100,42
L10H8,10,8,final,2.763347864151001,-3.560084581375122,-3.5635247230529785,-0.000544030747144357,-0.0034401416778564453,262,262,ioi,100,42
L10H9,10,9,final,2.763347864151001,-3.560084581375122,-3.508690118789673,0.008127621039394703,0.05139446258544922,264,264,ioi,100,42
L10H10,10,10,final,2.763347864151001,-3.560084581375122,-2.9355905055999756,0.0987587170662321,0.6244940757751465,266,266,ioi,100,42
L10H11,10,11,final,2.763347864151001,-3.560084581375122,-3.5365419387817383,0.0037230796400838265,0.02354264259338379,268,268,ioi,100,42
L11H0,11,0,final,2.763347864151001,-3.560084581375122,-3.564990758895874,-0.0007758725285700033,-0.004906177520751953,270,270,ioi,100,42
L11H1,11,1,final,2.763347864151001,-3.560084581375122,-3.032710313796997,0.08340000025638708,0.527374267578125,272,272,ioi,100,42
L11H2,11,2,final,2.763347864151001,-3.560084581375122,-3.0993547439575195,0.07286071945681533,0.46072983741760254,274,274,ioi,100,42
L11H3,11,3,final,2.763347864151001,-3.560084581375122,-3.2611560821533203,0.04727313872599303,0.29892849922180176,276,276,ioi,100,42
L11H4,11,4,final,2.763347864151001,-3.560084581375122,-3.588075876235962,-0.004426598228410569,-0.027991294860839844,278,278,ioi,100,42
L11H5,11,5,final,2.763347864151001,-3.560084581375122,-3.558577299118042,0.00023836457020213632,0.0015072822570800781,280,280,ioi,100,42
L11H6,11,6,final,2.763347864151001,-3.560084581375122,-3.347548007965088,0.03361095026173727,0.21253657341003418,282,282,ioi,100,42
L11H7,11,7,final,2.763347864151001,-3.560084581375122,-3.5717034339904785,-0.0018374281239577205,-0.011618852615356445,284,284,ioi,100,42
L11H8,11,8,final,2.763347864151001,-3.560084581375122,-3.473051071166992,0.01376364987811434,0.08703351020812988,286,286,ioi,100,42
L11H9,11,9,final,2.763347864151001,-3.560084581375122,-3.5081942081451416,0.008206045320638051,0.05189037322998047,288,288,ioi,100,42
L11H10,11,10,final,2.763347864151001,-3.560084581375122,-4.556734561920166,-0.15761218122132095,-0.996649980545044,290,290,ioi,100,42
L11H11,11,11,final,2.763347864151001,-3.560084581375122,-3.3951783180236816,0.02607859968016467,0.16490626335144043,292,292,ioi,100,42
